King Richard	After earning 00 status and a licence to kill, secret agent James Bond sets out on his first mission as 007.	2023-01-10T10:51:23.902Z	Romance	2018	1.1	https://www.imdb.com/video/vi2139603737/?playlistId=tt9620288&ref_=tt_pr_ov_vi	https://okko.tv/movie/green-book	Elliot Page;Tom Hardy;Viggo Mortensen;Mahershala Ali;Will Smith;Daniel Craig;Eva Green;Samuel L. Jackson	Christopher Nolan	215	5	General Kenobi	spartan@gmail.com	https://encrypted-tbn0.gstatic.com/images?q=tbn:ANd9GcTCZfHy2kHKQr0Sypeh6ECMBmIRK_BicMnChA&usqp=CAU	2312Sparta	https://m.media-amazon.com/images/M/MV5BYTcyNmY4ZGEtYmE4Zi00ZDViLTlmYzMtMmQ4ZTM4OWNmZjQxXkEyXkFqcGdeQXVyMTkxNjUyNQ@@._V1_.jpg	https://compote.slate.com/images/cdcf74ae-c30a-483a-b99c-7e888c4bf1f4.jpg	#66CDAA
King Richard	After earning 00 status and a licence to kill, secret agent James Bond sets out on his first mission as 007.	2023-01-12T10:51:23.904Z	Thriller	2019	9.2	https://www.imdb.com/video/vi1859520025/?playlistId=tt0381061&ref_=tt_ov_vi	https://id42.lordfilm.codes/5634-kazino-royal.html	Mahershala Ali;Will Smith;Daniel Craig;Eva Green;Samuel L. Jackson	Reinaldo Marcus Green	175	8	Spartan	kenobi@gmail.com	https://api.time.com/wp-content/uploads/2015/12/star-wars-episode-iii-revenge-of-the-sith-obi-wan.jpg	2312Sparta	https://m.media-amazon.com/images/I/81LBaKsMrsL._RI_.jpg	https://media.vanityfair.com/photos/5c0ef38ef1a5a50e00b020ee/1:1/w_1332,h_1332,c_limit/Green-Book-Truth-Theme.jpg	#66CDAA
Casino Royale	A working-class Italian-American bouncer becomes the driver for an African-American classical pianist on a tour of venues through the 1960s American South.	2023-01-13T10:51:23.904Z	Romance	2011	8.8	https://www.imdb.com/video/vi824752921/?playlistId=tt6966692&ref_=tt_ov_vi	https://id42.lordfilm.codes/5634-kazino-royal.html	Tom Hardy;Viggo Mortensen;Mahershala Ali;Will Smith;Daniel Craig;Eva Green;Samuel L. Jackson	Peter Farrelly	203	5	General Kenobi	kenobi@gmail.com	https://encrypted-tbn0.gstatic.com/images?q=tbn:ANd9GcTCZfHy2kHKQr0Sypeh6ECMBmIRK_BicMnChA&usqp=CAU	Aur231909	https://m.media-amazon.com/images/I/81LBaKsMrsL._RI_.jpg	https://www.exberliner.com/wp-content/uploads/2022/01/Inception-Warner-Bros.jpg	#F08080
King Richard	A look at how tennis superstars Venus and Serena Williams became who they are after the coaching from their father Richard Williams.	2023-01-08T10:51:23.905Z	Horror	2020	1.7	https://www.imdb.com/video/vi1859520025/?playlistId=tt0381061&ref_=tt_ov_vi	https://okko.tv/movie/green-book	Mahershala Ali;Will Smith;Daniel Craig;Eva Green;Samuel L. Jackson	Peter Farrelly	150	29	Spartan	kenobi@gmail.com	https://encrypted-tbn0.gstatic.com/images?q=tbn:ANd9GcTCZfHy2kHKQr0Sypeh6ECMBmIRK_BicMnChA&usqp=CAU	asd123Ssjnc	https://m.media-amazon.com/images/I/81LBaKsMrsL._RI_.jpg	https://s5.afisha.ru/mediastorage/54/48/fcdc46c5732d455a89d0cbce4854.jpg	#F08080
King Richard	A look at how tennis superstars Venus and Serena Williams became who they are after the coaching from their father Richard Williams.	2023-01-13T10:51:23.905Z	Scifi	2012	8.9	https://www.imdb.com/video/vi2079306521/?playlistId=tt3460252&ref_=tt_ov_vi	https://okko.tv/movie/green-book	Mahershala Ali;Will Smith;Daniel Craig;Eva Green;Samuel L. Jackson	Christopher Nolan	199	12	General Kenobi	aurora@gmail.com	https://encrypted-tbn0.gstatic.com/images?q=tbn:ANd9GcTCZfHy2kHKQr0Sypeh6ECMBmIRK_BicMnChA&usqp=CAU	asd123Ssjnc	https://m.media-amazon.com/images/M/MV5BMjExMjkwNTQ0Nl5BMl5BanBnXkFtZTcwNTY0OTk1Mw@@._V1_.jpg	https://media.vanityfair.com/photos/5c0ef38ef1a5a50e00b020ee/1:1/w_1332,h_1332,c_limit/Green-Book-Truth-Theme.jpg	#DEB887
Casino Royale	A thief who steals corporate secrets through the use of dream-sharing technology is given the inverse task of planting an idea into the mind of a C.E.O., but his tragic past may doom the project and his team to disaster.	2023-01-07T10:51:23.905Z	Family	2014	7.8	https://www.imdb.com/video/vi2139603737/?playlistId=tt9620288&ref_=tt_pr_ov_vi	https://id42.lordfilm.codes/5634-kazino-royal.html	Eva Green;Samuel L. Jackson	Peter Farrelly	162	24	General Kenobi	spartan@gmail.com	https://api.time.com/wp-content/uploads/2015/12/star-wars-episode-iii-revenge-of-the-sith-obi-wan.jpg	asd123Ssjnc	https://m.media-amazon.com/images/M/MV5BYTcyNmY4ZGEtYmE4Zi00ZDViLTlmYzMtMmQ4ZTM4OWNmZjQxXkEyXkFqcGdeQXVyMTkxNjUyNQ@@._V1_.jpg	https://www.exberliner.com/wp-content/uploads/2022/01/Inception-Warner-Bros.jpg	#F08080
The Hateful Eight	A working-class Italian-American bouncer becomes the driver for an African-American classical pianist on a tour of venues through the 1960s American South.	2023-01-12T10:51:23.905Z	Crime	2014	5.1	https://www.imdb.com/video/vi2139603737/?playlistId=tt9620288&ref_=tt_pr_ov_vi	https://id42.lordfilm.codes/34529-korol-richard.html	Will Smith;Daniel Craig;Eva Green;Samuel L. Jackson	Martin Campbell	196	44	Spartan	kenobi@gmail.com	https://api.time.com/wp-content/uploads/2015/12/star-wars-episode-iii-revenge-of-the-sith-obi-wan.jpg	asd123Ssjnc	https://m.media-amazon.com/images/I/81LBaKsMrsL._RI_.jpg	https://www.exberliner.com/wp-content/uploads/2022/01/Inception-Warner-Bros.jpg	#B0C4DE
Casino Royale	After earning 00 status and a licence to kill, secret agent James Bond sets out on his first mission as 007.	2023-01-13T10:51:23.905Z	Documentary	2014	1	https://www.imdb.com/video/vi2079306521/?playlistId=tt3460252&ref_=tt_ov_vi	https://www.hulu.com/movie/inception-5519f425-9b21-48fb-8e67-aef24c76604a	Will Smith;Daniel Craig;Eva Green;Samuel L. Jackson	Reinaldo Marcus Green	147	9	Aurora	aurora@gmail.com	https://img.freepik.com/premium-vector/spartan-mascot-logo-esport-design_142989-277.jpg	Aur231909	https://m.media-amazon.com/images/M/MV5BYTcyNmY4ZGEtYmE4Zi00ZDViLTlmYzMtMmQ4ZTM4OWNmZjQxXkEyXkFqcGdeQXVyMTkxNjUyNQ@@._V1_.jpg	https://compote.slate.com/images/cdcf74ae-c30a-483a-b99c-7e888c4bf1f4.jpg	#F08080
The Hateful Eight	A look at how tennis superstars Venus and Serena Williams became who they are after the coaching from their father Richard Williams.	2023-01-07T10:51:23.905Z	Romance	2015	7.5	https://www.imdb.com/video/vi824752921/?playlistId=tt6966692&ref_=tt_ov_vi	https://id42.lordfilm.codes/5634-kazino-royal.html	Tom Hardy;Viggo Mortensen;Mahershala Ali;Will Smith;Daniel Craig;Eva Green	Reinaldo Marcus Green	117	2	General Kenobi	kenobi@gmail.com	https://img.freepik.com/premium-vector/spartan-mascot-logo-esport-design_142989-277.jpg	asd123Ssjnc	https://m.media-amazon.com/images/M/MV5BMjA1MTc1NTg5NV5BMl5BanBnXkFtZTgwOTM2MDEzNzE@._V1_FMjpg_UX1000_.jpg	https://lostfilm.info/images/photo/109/21155758_1085595.jpg	#66CDAA
The Hateful Eight	A look at how tennis superstars Venus and Serena Williams became who they are after the coaching from their father Richard Williams.	2023-01-09T10:51:23.906Z	Romance	2010	10	https://www.imdb.com/video/vi2959588889/?playlistId=tt1375666&ref_=tt_ov_vi	https://www.hulu.com/movie/inception-5519f425-9b21-48fb-8e67-aef24c76604a	Daniel Craig;Eva Green;Samuel L. Jackson	Christopher Nolan	131	34	Spartan	kenobi@gmail.com	https://encrypted-tbn0.gstatic.com/images?q=tbn:ANd9GcTCZfHy2kHKQr0Sypeh6ECMBmIRK_BicMnChA&usqp=CAU	asd123Ssjnc	https://m.media-amazon.com/images/M/MV5BMjA1MTc1NTg5NV5BMl5BanBnXkFtZTgwOTM2MDEzNzE@._V1_FMjpg_UX1000_.jpg	https://www.exberliner.com/wp-content/uploads/2022/01/Inception-Warner-Bros.jpg	#F08080
